n_dups,std_dups,n_genes,std_genes,n_species,std_species,r_d,r_l,coal_unit,model
0,0,16,0,16,0,0,0.4,1,MLMSC-II
0,0,16,0,16,0,0,0.5,1,MLMSC-II
0,0,16,0,16,0,0,0.7,1,MLMSC-II
0,0,16,0,16,0,0,0.9,1,MLMSC-II
0,0,16,0,16,0,0,1,1,MLMSC-II
0,0,16,0,16,0,0,1.1,1,MLMSC-II
0,0,16,0,16,0,0,1.3,1,MLMSC-II
0,0,16,0,16,0,0,1.5,1,MLMSC-II
0,0,16,0,16,0,0,2,1,MLMSC-II
0,0,16,0,16,0,0,0.4,18,MLMSC-II
0,0,16,0,16,0,0,0.5,18,MLMSC-II
0,0,16,0,16,0,0,0.7,18,MLMSC-II
0,0,16,0,16,0,0,0.9,18,MLMSC-II
0,0,16,0,16,0,0,1,18,MLMSC-II
0,0,16,0,16,0,0,1.1,18,MLMSC-II
0,0,16,0,16,0,0,1.3,18,MLMSC-II
0,0,16,0,16,0,0,1.5,18,MLMSC-II
0,0,16,0,16,0,0,2,18,MLMSC-II
0,0,16,0,16,0,0,0.4,9,MLMSC-II
0,0,16,0,16,0,0,0.5,9,MLMSC-II
0,0,16,0,16,0,0,0.7,9,MLMSC-II
0,0,16,0,16,0,0,0.9,9,MLMSC-II
0,0,16,0,16,0,0,1,9,MLMSC-II
0,0,16,0,16,0,0,1.1,9,MLMSC-II
0,0,16,0,16,0,0,1.3,9,MLMSC-II
0,0,16,0,16,0,0,1.5,9,MLMSC-II
0,0,16,0,16,0,0,2,9,MLMSC-II
1.3433,0.004199408,17.84373,0.015124086,14.99158,0.006693739,1,0.4,1,MLMSC-II
1.5188,0.004399916,17.69397,0.01416014,14.90618,0.006722591,1,0.4,18,MLMSC-II
1.43084,0.004318907,17.76537,0.014613717,14.95721,0.006668301,1,0.4,9,MLMSC-II
1.3254,0.004188332,17.53095,0.015347136,14.7562,0.007316663,1,0.5,1,MLMSC-II
1.49212,0.00438326,17.35375,0.014400701,14.65839,0.007292109,1,0.5,18,MLMSC-II
1.41151,0.004325816,17.44905,0.014961988,14.70565,0.007329517,1,0.5,9,MLMSC-II
1.27671,0.004131899,16.93084,0.015773758,14.30259,0.008319242,1,0.7,1,MLMSC-II
1.4387,0.004302884,16.68752,0.014788588,14.15155,0.008344287,1,0.7,18,MLMSC-II
1.3677,0.00423114,16.8236,0.015250513,14.23593,0.008308138,1,0.7,9,MLMSC-II
1.23683,0.004052478,16.33115,0.015963729,13.84691,0.00910929,1,0.9,1,MLMSC-II
1.39948,0.004265154,16.10819,0.01510742,13.68882,0.009015669,1,0.9,18,MLMSC-II
1.31629,0.00413885,16.21277,0.015520702,13.76829,0.009089017,1,0.9,9,MLMSC-II
1.22892,0.004059596,16.10174,0.016151771,13.64578,0.009386467,1,1,1,MLMSC-II
1.3752,0.004235142,15.82221,0.015232102,13.47385,0.009270697,1,1,18,MLMSC-II
1.29865,0.00412584,15.9764,0.015621379,13.58533,0.00930801,1,1,9,MLMSC-II
1.20799,0.004025998,15.86312,0.016202162,13.46778,0.009579548,1,1.1,1,MLMSC-II
1.35076,0.00418376,15.52363,0.015261309,13.25022,0.009558609,1,1.1,18,MLMSC-II
1.28915,0.004115215,15.72183,0.015756281,13.37081,0.009573422,1,1.1,9,MLMSC-II
1.17658,0.00397411,15.35497,0.016332511,13.0666,0.010047211,1,1.3,1,MLMSC-II
1.30551,0.00411994,14.99259,0.015362015,12.83386,0.009925299,1,1.3,18,MLMSC-II
1.24441,0.004041176,15.19188,0.015781746,12.97476,0.009943019,1,1.3,9,MLMSC-II
1.15173,0.003946041,14.8915,0.01643335,12.69125,0.010358364,1,1.5,1,MLMSC-II
1.26643,0.004074312,14.4882,0.015360324,12.44036,0.010229813,1,1.5,18,MLMSC-II
1.21187,0.003989758,14.69522,0.015826257,12.58037,0.01028508,1,1.5,9,MLMSC-II
1.07309,0.003776377,13.8041,0.016186657,11.85082,0.010824436,1,2,1,MLMSC-II
1.1858,0.003932981,13.36802,0.015308264,11.54481,0.010619993,1,2,18,MLMSC-II
1.13055,0.003847001,13.57904,0.015669996,11.7009,0.010715491,1,2,9,MLMSC-II
2.86856,0.007221853,19.92839,0.023377654,14.22723,0.008594737,2,0.4,1,MLMSC-II
3.15898,0.007303888,19.49593,0.021222039,14.08839,0.008545789,2,0.4,18,MLMSC-II
3.00441,0.00723189,19.66483,0.022109351,14.15923,0.00856233,2,0.4,9,MLMSC-II
2.77281,0.007055271,19.25637,0.02314029,13.8423,0.009193724,2,0.5,1,MLMSC-II
3.0486,0.007228174,18.77706,0.02125,13.65693,0.009200292,2,0.5,18,MLMSC-II
2.91548,0.007116099,18.99348,0.022055395,13.75359,0.009216288,2,0.5,9,MLMSC-II
2.61726,0.006877672,18.03523,0.022898051,13.09506,0.010125051,2,0.7,1,MLMSC-II
2.87063,0.006987419,17.5265,0.021029456,12.88355,0.010032233,2,0.7,18,MLMSC-II
2.76087,0.006975898,17.82176,0.021994862,13.00996,0.010043188,2,0.7,9,MLMSC-II
2.49333,0.006737715,16.9647,0.022559154,12.42158,0.010672855,2,0.9,1,MLMSC-II
2.69292,0.006750057,16.31496,0.020548134,12.14841,0.010542806,2,0.9,18,MLMSC-II
2.60935,0.006774857,16.69773,0.02164673,12.30756,0.010583751,2,0.9,9,MLMSC-II
2.42637,0.006627732,16.44897,0.022263363,12.10542,0.010849196,2,1,1,MLMSC-II
2.61139,0.006657625,15.79999,0.020292018,11.83488,0.010653201,2,1,18,MLMSC-II
2.5352,0.006656249,16.16122,0.021314141,11.99147,0.010741328,2,1,9,MLMSC-II
2.36625,0.006551468,15.96376,0.021949499,11.81195,0.010989007,2,1.1,1,MLMSC-II
2.53709,0.006554744,15.31231,0.020059371,11.52074,0.010738783,2,1.1,18,MLMSC-II
2.46574,0.006564137,15.66279,0.021035646,11.68046,0.010870461,2,1.1,9,MLMSC-II
2.25066,0.006342452,15.07027,0.021267131,11.25774,0.011074318,2,1.3,1,MLMSC-II
2.402,0.006358299,14.37329,0.019442542,10.9232,0.010822458,2,1.3,18,MLMSC-II
2.33837,0.006384745,14.73919,0.020446253,11.08909,0.010978968,2,1.3,9,MLMSC-II
2.13882,0.006171197,14.27454,0.020649526,10.75473,0.011073046,2,1.5,1,MLMSC-II
2.27803,0.006157148,13.53489,0.018701912,10.40042,0.010745873,2,1.5,18,MLMSC-II
2.22554,0.006174391,13.90881,0.019581256,10.58019,0.010928426,2,1.5,9,MLMSC-II
1.92338,0.005749993,12.57298,0.018751988,9.6591,0.010742524,2,2,1,MLMSC-II
2.02137,0.005717557,11.78599,0.016910031,9.24963,0.010264999,2,2,18,MLMSC-II
1.97862,0.005743393,12.18199,0.017872663,9.46185,0.010539011,2,2,9,MLMSC-II
4.6053,0.0106336,22.28577,0.031034034,13.62235,0.009664763,3,0.4,1,MLMSC-II
4.91296,0.010384639,21.43172,0.027417201,13.46687,0.009558229,3,0.4,18,MLMSC-II
4.77803,0.010541295,21.85995,0.029254044,13.55057,0.009607984,3,0.4,9,MLMSC-II
4.42202,0.010352056,21.25952,0.030349328,13.13869,0.010218258,3,0.5,1,MLMSC-II
4.66018,0.010134636,20.27583,0.026951437,12.92301,0.010106129,3,0.5,18,MLMSC-II
4.55932,0.0103266,20.75552,0.028664049,13.03437,0.010192337,3,0.5,9,MLMSC-II
4.06838,0.00997914,19.34163,0.029143642,12.22332,0.010886049,3,0.7,1,MLMSC-II
4.2612,0.009680428,18.30471,0.025835474,11.9226,0.010769255,3,0.7,18,MLMSC-II
4.19793,0.0098248,18.84086,0.027389842,12.07486,0.01088076,3,0.7,9,MLMSC-II
3.78215,0.009482732,17.76719,0.027540503,11.42933,0.011178708,3,0.9,1,MLMSC-II
3.89836,0.00916159,16.59775,0.024272914,11.07986,0.010935146,3,0.9,18,MLMSC-II
3.84819,0.00935555,17.15049,0.025858181,11.2589,0.011069035,3,0.9,9,MLMSC-II
3.64769,0.009287946,17.04512,0.026898276,11.06472,0.011226788,3,1,1,MLMSC-II
3.75906,0.008933234,15.90784,0.02363814,10.7172,0.010936839,3,1,18,MLMSC-II
3.70558,0.009128297,16.4202,0.025110668,10.87893,0.011091256,3,1,9,MLMSC-II
3.50152,0.009060695,16.30736,0.026085427,10.69791,0.011185748,3,1.1,1,MLMSC-II
3.60871,0.008713919,15.19368,0.022842305,10.35353,0.010856585,3,1.1,18,MLMSC-II
3.57284,0.008911809,15.76262,0.024411916,10.52823,0.011031231,3,1.1,9,MLMSC-II
3.26047,0.008628766,15.06825,0.024565117,10.06506,0.011026091,3,1.3,1,MLMSC-II
3.3722,0.00833124,14.01257,0.02151451,9.71018,0.010628395,3,1.3,18,MLMSC-II
3.33801,0.008518587,14.5582,0.022950054,9.90386,0.010858322,3,1.3,9,MLMSC-II
3.08085,0.008274141,14.06957,0.023146435,9.53776,0.010786209,3,1.5,1,MLMSC-II
3.12954,0.007900976,12.91456,0.020038069,9.12507,0.010299609,3,1.5,18,MLMSC-II
3.10679,0.008054757,13.45853,0.021367957,9.33765,0.010540974,3,1.5,9,MLMSC-II
2.67849,0.007462209,11.9305,0.019757616,8.40712,0.009865268,3,2,1,MLMSC-II
2.68504,0.007005562,10.85486,0.016864845,7.97986,0.009269045,3,2,18,MLMSC-II
2.69449,0.007223978,11.37026,0.018118078,8.18887,0.009585661,3,2,9,MLMSC-II
6.56586,0.014600204,24.92897,0.038878456,13.17043,0.010308283,4,0.4,1,MLMSC-II
6.80417,0.013845935,23.49042,0.03349927,12.96916,0.010232113,4,0.4,18,MLMSC-II
6.73285,0.01424931,24.27707,0.036051566,13.09372,0.010219961,4,0.4,9,MLMSC-II
6.19625,0.014149034,23.38005,0.037455557,12.58404,0.010792671,4,0.5,1,MLMSC-II
6.38946,0.013367139,21.92117,0.032230814,12.36516,0.010648339,4,0.5,18,MLMSC-II
6.31309,0.01380386,22.64934,0.034801567,12.49174,0.010737573,4,0.5,9,MLMSC-II
5.57178,0.01322618,20.71254,0.034776178,11.53652,0.011294881,4,0.7,1,MLMSC-II
5.69104,0.012509293,19.25029,0.029948763,11.26323,0.011036839,4,0.7,18,MLMSC-II
5.64175,0.01283092,19.97227,0.032183374,11.41022,0.01115907,4,0.7,9,MLMSC-II
5.09126,0.012467424,18.66469,0.032277853,10.67884,0.011292955,4,0.9,1,MLMSC-II
5.09627,0.011553084,17.03254,0.02727668,10.32475,0.010959958,4,0.9,18,MLMSC-II
5.08149,0.011972131,17.74527,0.029422163,10.4929,0.011113781,4,0.9,9,MLMSC-II
4.85979,0.012091823,17.66191,0.030812143,10.27712,0.011183197,4,1,1,MLMSC-II
4.85751,0.01122773,16.10727,0.026256598,9.9077,0.010813084,4,1,18,MLMSC-II
4.85913,0.011578368,16.86072,0.028271855,10.10906,0.011012977,4,1,9,MLMSC-II
4.64199,0.011633733,16.76772,0.029357852,9.90999,0.011063567,4,1.1,1,MLMSC-II
4.5831,0.010710756,15.15858,0.024745962,9.50562,0.010643111,4,1.1,18,MLMSC-II
4.63047,0.011174168,15.95009,0.026888336,9.71955,0.010836399,4,1.1,9,MLMSC-II
4.28436,0.010885935,15.26215,0.026838913,9.2659,0.01068009,4,1.3,1,MLMSC-II
4.19676,0.01000691,13.71183,0.022544342,8.84888,0.010156636,4,1.3,18,MLMSC-II
4.22847,0.010370149,14.41573,0.024367682,9.05328,0.010421358,4,1.3,9,MLMSC-II
3.95921,0.010292994,13.95697,0.024726178,8.68966,0.010224585,4,1.5,1,MLMSC-II
3.87085,0.009337247,12.48622,0.020438754,8.26879,0.009638452,4,1.5,18,MLMSC-II
3.92676,0.009750021,13.19113,0.022339073,8.49133,0.009950942,4,1.5,9,MLMSC-II
3.36858,0.008863401,11.5507,0.020029336,7.59202,0.008973858,4,2,1,MLMSC-II
3.23749,0.007918302,10.19642,0.01608184,7.15855,0.008233614,4,2,18,MLMSC-II
3.32221,0.008420298,10.83718,0.017928578,7.3647,0.008607966,4,2,9,MLMSC-II
4.00272,0.010071442,11.31886,0.019801268,7.03741,0.00815285,5,2,1,MLMSC-II
3.67949,0.008602579,9.7001,0.015390184,6.59769,0.00737647,5,2,18,MLMSC-II
3.83473,0.009254146,10.45372,0.017298352,6.81646,0.007773618,5,2,9,MLMSC-II
8.85586,0.019453226,28.0003,0.047581463,12.81235,0.010730299,5,0.4,1,MLMSC-II
8.84376,0.017858356,25.74535,0.039974795,12.59273,0.0106365,5,0.4,18,MLMSC-II
8.87605,0.018643646,26.83112,0.04342091,12.70649,0.010706688,5,0.4,9,MLMSC-II
8.23069,0.018638154,25.85418,0.045151735,12.16567,0.011173016,5,0.5,1,MLMSC-II
8.1948,0.017010627,23.69166,0.037874789,11.93372,0.010982635,5,0.5,18,MLMSC-II
8.24191,0.017677461,24.74635,0.040972697,12.06633,0.011076711,5,0.5,9,MLMSC-II
7.2622,0.017054648,22.42732,0.040677184,11.05472,0.011424822,5,0.7,1,MLMSC-II
7.07104,0.015403698,20.12356,0.033692959,10.72712,0.011155573,5,0.7,18,MLMSC-II
7.17798,0.016129986,21.19269,0.036634962,10.89622,0.011304016,5,0.7,9,MLMSC-II
6.4471,0.015530513,19.59572,0.036111724,10.1248,0.011247663,5,0.9,1,MLMSC-II
6.20882,0.013885801,17.4226,0.029770216,9.74541,0.010840586,5,0.9,18,MLMSC-II
6.33275,0.014644378,18.41822,0.032447931,9.93868,0.011028083,5,0.9,9,MLMSC-II
6.13565,0.014952161,18.49697,0.034300587,9.73585,0.011034499,5,1,1,MLMSC-II
5.86934,0.013238392,16.33151,0.027880945,9.34033,0.010597244,5,1,18,MLMSC-II
5.9905,0.013979151,17.30712,0.030699104,9.53999,0.010857458,5,1,9,MLMSC-II
5.80458,0.014369662,17.38366,0.03259235,9.34514,0.010846371,5,1.1,1,MLMSC-II
5.51792,0.012582868,15.25011,0.02614835,8.92422,0.010268653,5,1.1,18,MLMSC-II
5.66583,0.013345523,16.23685,0.028960489,9.11774,0.010553591,5,1.1,9,MLMSC-II
5.25377,0.013135099,15.50304,0.02888275,8.67398,0.010259959,5,1.3,1,MLMSC-II
4.94387,0.01148274,13.49863,0.023180957,8.22905,0.009668381,5,1.3,18,MLMSC-II
5.12598,0.012217413,14.48891,0.025645174,8.46328,0.009972026,5,1.3,9,MLMSC-II
4.81029,0.012073635,14.00885,0.025798945,8.10017,0.009630249,5,1.5,1,MLMSC-II
4.49785,0.01048316,12.12312,0.020443101,7.65903,0.008987452,5,1.5,18,MLMSC-II
4.6481,0.011155595,12.9851,0.022631304,7.87991,0.009288032,5,1.5,9,MLMSC-II
4.55558,0.010963399,11.16859,0.019569239,6.64306,0.007469344,6,2,1,MLMSC-II
4.00973,0.008936238,9.28066,0.014475593,6.18348,0.006621374,6,2,18,MLMSC-II
4.25935,0.009871659,10.11794,0.016740678,6.39692,0.00705717,6,2,9,MLMSC-II
11.38149,0.025018433,31.30116,0.056614359,12.51171,0.011041759,6,0.4,1,MLMSC-II
11.0038,0.022041028,28.11718,0.046025654,12.30485,0.010907097,6,0.4,18,MLMSC-II
11.16929,0.023340282,29.52048,0.05048026,12.41066,0.011003172,6,0.4,9,MLMSC-II
10.46854,0.023538739,28.54888,0.05283729,11.81675,0.011405446,6,0.5,1,MLMSC-II
10.0053,0.020694637,25.3245,0.042703335,11.55564,0.011186398,6,0.5,18,MLMSC-II
10.25497,0.022013061,26.85257,0.047226432,11.70836,0.01132202,6,0.5,9,MLMSC-II
9.03844,0.021100954,24.14718,0.046206958,10.65367,0.011494702,6,0.7,1,MLMSC-II
8.45267,0.018257232,21.04016,0.036983544,10.32032,0.011139964,6,0.7,18,MLMSC-II
8.7328,0.019631003,22.44972,0.041116484,10.47915,0.011343533,6,0.7,9,MLMSC-II
7.84525,0.018786212,20.65172,0.040100687,9.68368,0.011108008,6,0.9,1,MLMSC-II
7.26819,0.01612216,17.78031,0.031694885,9.29688,0.010655691,6,0.9,18,MLMSC-II
7.5445,0.017350136,19.08373,0.035342522,9.49227,0.010875265,6,0.9,9,MLMSC-II
7.40339,0.017853701,19.27966,0.037511363,9.2822,0.010838773,6,1,1,MLMSC-II
6.78105,0.015135911,16.4763,0.029355957,8.86485,0.010316604,6,1,18,MLMSC-II
7.07615,0.016352088,17.72558,0.032829214,9.05321,0.010566225,6,1,9,MLMSC-II
6.94961,0.016929287,17.96946,0.035097082,8.88061,0.010522189,6,1.1,1,MLMSC-II
6.36305,0.0143217,15.31308,0.027260228,8.45565,0.009954955,6,1.1,18,MLMSC-II
6.63836,0.01539147,16.51617,0.030387241,8.67957,0.010233679,6,1.1,9,MLMSC-II
6.22801,0.015258078,15.82786,0.030444513,8.21159,0.009824101,6,1.3,1,MLMSC-II
5.61771,0.012701679,13.36211,0.02342794,7.77636,0.00920106,6,1.3,18,MLMSC-II
5.90373,0.013858432,14.48318,0.026578014,7.98721,0.009519431,6,1.3,9,MLMSC-II
5.63869,0.013771745,14.16156,0.02662796,7.68528,0.009134766,6,1.5,1,MLMSC-II
5.03072,0.011353909,11.82848,0.020201755,7.19174,0.008356426,6,1.5,18,MLMSC-II
5.31379,0.012495872,12.88683,0.023120921,7.43148,0.008773712,6,1.5,9,MLMSC-II
0,0,16,0,16,0,0,0.4,1,DLCoal
0,0,16,0,16,0,0,0.5,1,DLCoal
0,0,16,0,16,0,0,0.7,1,DLCoal
0,0,16,0,16,0,0,0.9,1,DLCoal
0,0,16,0,16,0,0,1,1,DLCoal
0,0,16,0,16,0,0,1.1,1,DLCoal
0,0,16,0,16,0,0,1.3,1,DLCoal
0,0,16,0,16,0,0,1.5,1,DLCoal
0,0,16,0,16,0,0,2,1,DLCoal
0,0,16,0,16,0,0,0.4,18,DLCoal
0,0,16,0,16,0,0,0.5,18,DLCoal
0,0,16,0,16,0,0,0.7,18,DLCoal
0,0,16,0,16,0,0,0.9,18,DLCoal
0,0,16,0,16,0,0,1,18,DLCoal
0,0,16,0,16,0,0,1.1,18,DLCoal
0,0,16,0,16,0,0,1.3,18,DLCoal
0,0,16,0,16,0,0,1.5,18,DLCoal
0,0,16,0,16,0,0,2,18,DLCoal
0,0,16,0,16,0,0,0.4,9,DLCoal
0,0,16,0,16,0,0,0.5,9,DLCoal
0,0,16,0,16,0,0,0.7,9,DLCoal
0,0,16,0,16,0,0,0.9,9,DLCoal
0,0,16,0,16,0,0,1,9,DLCoal
0,0,16,0,16,0,0,1.1,9,DLCoal
0,0,16,0,16,0,0,1.3,9,DLCoal
0,0,16,0,16,0,0,1.5,9,DLCoal
0,0,16,0,16,0,0,2,9,DLCoal
1.32941,0.004197543,17.86529,0.015167595,15.00689,0.006636691,1,0.4,1,DLCoal
1.33339,0.004199737,17.86073,0.01519483,14.99851,0.006669507,1,0.4,18,DLCoal
1.33413,0.004231743,17.86782,0.015194124,15.00623,0.006622292,1,0.4,9,DLCoal
1.3059,0.004166152,17.5366,0.015325774,14.77299,0.007287901,1,0.5,1,DLCoal
1.30475,0.004147017,17.52288,0.015351818,14.75851,0.007351032,1,0.5,18,DLCoal
1.30447,0.004164547,17.54404,0.01542638,14.76699,0.007339939,1,0.5,9,DLCoal
1.26603,0.004084721,16.94399,0.015765735,14.30471,0.008335449,1,0.7,1,DLCoal
1.27479,0.004106212,16.97891,0.015859885,14.32193,0.008276521,1,0.7,18,DLCoal
1.27044,0.004126208,16.96394,0.015833171,14.32036,0.008281859,1,0.7,9,DLCoal
1.23648,0.004065949,16.41058,0.016135695,13.88286,0.009053198,1,0.9,1,DLCoal
1.22872,0.004051523,16.39257,0.016075452,13.88334,0.009037075,1,0.9,18,DLCoal
1.22852,0.004039152,16.37311,0.016033564,13.87624,0.00906809,1,0.9,9,DLCoal
1.19821,0.002839411,15.874125,0.011507807,13.47018,0.006792013,1,1.1,1,DLCoal
1.2015,0.002839336,15.88411,0.01152385,13.47871,0.006785408,1,1.1,18,DLCoal
1.19862,0.002835594,15.869445,0.011492457,13.46823,0.006788471,1,1.1,9,DLCoal
1.166955,0.002795424,15.3717,0.011525342,13.084125,0.007085121,1,1.3,1,DLCoal
1.169605,0.002813652,15.396455,0.011617552,13.087055,0.007095758,1,1.3,18,DLCoal
1.167865,0.002803261,15.38635,0.011597721,13.087835,0.007099046,1,1.3,9,DLCoal
1.13414,0.002753756,14.89993,0.011563075,12.715505,0.007327746,1,1.5,1,DLCoal
1.130595,0.002756245,14.884325,0.011542434,12.71034,0.007318193,1,1.5,18,DLCoal
1.13864,0.002768002,14.928725,0.011593681,12.730255,0.007299533,1,1.5,9,DLCoal
1.21905,0.004024703,16.14227,0.016188734,13.67202,0.00934842,1,1,1,DLCoal
1.21426,0.004032901,16.12237,0.01618776,13.66258,0.009377417,1,1,18,DLCoal
1.21984,0.004027911,16.11151,0.016202444,13.65638,0.009381436,1,1,9,DLCoal
1.061445,0.002671747,13.80435,0.01143978,11.865075,0.007644072,1,2,1,DLCoal
1.063681371,0.002832092,13.81861267,0.012147328,11.86343105,0.008076336,1,2,18,DLCoal
1.07011553,0.002849242,13.83305158,0.012220115,11.86553702,0.008123196,1,2,9,DLCoal
2.84554,0.007177418,19.95674,0.023411949,14.23902,0.008569949,2,0.4,1,DLCoal
2.85155,0.007196905,19.96163,0.023560296,14.22911,0.008576347,2,0.4,18,DLCoal
2.83744,0.007165421,19.94465,0.02338088,14.24038,0.008536457,2,0.4,9,DLCoal
2.7626,0.007063704,19.31801,0.023442668,13.84208,0.009215577,2,0.5,1,DLCoal
2.76502,0.007127016,19.31965,0.023420919,13.84784,0.009230716,2,0.5,18,DLCoal
2.76907,0.007069732,19.31034,0.023291263,13.83881,0.00925038,2,0.5,9,DLCoal
2.5983,0.006834767,18.05159,0.023012383,13.09317,0.010189167,2,0.7,1,DLCoal
2.61233,0.006913139,18.08656,0.023092908,13.10866,0.010137059,2,0.7,18,DLCoal
2.61993,0.006880134,18.12677,0.023064603,13.12247,0.01011107,2,0.7,9,DLCoal
2.47544,0.006730722,17.0027,0.022663073,12.44244,0.010660526,2,0.9,1,DLCoal
2.4689,0.006714907,17.00448,0.022709565,12.43683,0.010699058,2,0.9,18,DLCoal
2.46404,0.00666151,16.96825,0.022586782,12.42223,0.010714489,2,0.9,9,DLCoal
2.34966,0.00462232,16.038945,0.015670546,11.84408,0.007764856,2,1.1,1,DLCoal
2.35095,0.004616858,16.04158,0.015633839,11.84351,0.007746645,2,1.1,18,DLCoal
2.34797,0.004593369,16.020965,0.015590779,11.8357,0.007764559,2,1.1,9,DLCoal
2.23255,0.004487355,15.1044,0.015193227,11.259145,0.007860522,2,1.3,1,DLCoal
2.23112,0.004480727,15.136035,0.015197253,11.278975,0.007844071,2,1.3,18,DLCoal
2.234235,0.004503937,15.146895,0.015232857,11.287455,0.0078481,2,1.3,9,DLCoal
2.40226,0.00661236,16.48746,0.022450186,12.12273,0.010874091,2,1,1,DLCoal
2.41176,0.006610187,16.51463,0.022410803,12.13064,0.010861414,2,1,18,DLCoal
2.40921,0.006629737,16.50372,0.022469279,12.12575,0.010864269,2,1,9,DLCoal
2.135645,0.004373325,14.33972,0.014690598,10.776715,0.007849959,2,1.5,1,DLCoal
2.13702,0.004378998,14.35506,0.014764586,10.783165,0.007861851,2,1.5,18,DLCoal
2.136224357,0.004764665,14.33555356,0.01600604,10.78171805,0.00854669,2,1.5,9,DLCoal
1.91735,0.004093217,12.6315,0.01345948,9.68073,0.007619949,2,2,1,DLCoal
1.921525,0.00408837,12.65101,0.013484151,9.692225,0.007631978,2,2,18,DLCoal
1.91769,0.004081527,12.63292,0.013445349,9.684265,0.007622996,2,2,9,DLCoal
4.58309,0.010637927,22.35559,0.031236444,13.65743,0.009576893,3,0.4,1,DLCoal
4.59065,0.010669816,22.36628,0.031390162,13.6393,0.009656992,3,0.4,18,DLCoal
4.57776,0.010569392,22.36842,0.03127376,13.64749,0.009624791,3,0.4,9,DLCoal
4.38839,0.01035482,21.30655,0.030516934,13.15937,0.010205918,3,0.5,1,DLCoal
4.3846,0.010375476,21.32248,0.030707138,13.14879,0.01021855,3,0.5,18,DLCoal
4.37774,0.010407623,21.25234,0.030714783,13.12496,0.01026664,3,0.5,9,DLCoal
4.03715,0.009901226,19.4,0.029290387,12.23691,0.010927032,3,0.7,1,DLCoal
4.03264,0.009865654,19.37771,0.029229718,12.22794,0.010923178,3,0.7,18,DLCoal
4.02601,0.009919109,19.36932,0.029209936,12.22841,0.010911718,3,0.7,9,DLCoal
3.73312,0.009472299,17.74168,0.027829022,11.4148,0.011208616,3,0.9,1,DLCoal
3.74534,0.009462599,17.79248,0.027898762,11.42049,0.011225607,3,0.9,18,DLCoal
3.74184,0.009471739,17.75607,0.027800968,11.41403,0.011196488,3,0.9,9,DLCoal
3.490155,0.006419242,16.37108,0.018596513,10.71774,0.007937535,3,1.1,1,DLCoal
3.49499,0.00641719,16.38981,0.018648617,10.71757,0.007913911,3,1.1,18,DLCoal
3.48652,0.006407019,16.385055,0.018609076,10.7287,0.007926247,3,1.1,9,DLCoal
3.26714,0.006149672,15.17791,0.017590848,10.102,0.007829345,3,1.3,1,DLCoal
3.2672,0.006128948,15.16307,0.01756021,10.097135,0.007822132,3,1.3,18,DLCoal
3.272335,0.006149694,15.168675,0.017566367,10.10024,0.007824319,3,1.3,9,DLCoal
3.62759,0.009334757,17.09736,0.027135216,11.07386,0.011231265,3,1,1,DLCoal
3.61643,0.009300135,17.09705,0.027127062,11.0951,0.011229373,3,1,18,DLCoal
3.61806,0.009267971,17.07874,0.027147673,11.06852,0.011239044,3,1,9,DLCoal
3.065365,0.005871148,14.09909,0.016516906,9.54701,0.007645397,3,1.5,1,DLCoal
3.072124136,0.006830827,14.1080644,0.01924088,9.544233385,0.008901518,3,1.5,18,DLCoal
3.06478,0.005860468,14.11804,0.016507639,9.56451,0.007638608,3,1.5,9,DLCoal
2.677372615,0.006054277,12.00227129,0.016152859,8.421128204,0.008022397,3,2,1,DLCoal
2.68199,0.005286775,12.01266,0.014110437,8.42365,0.006994212,3,2,18,DLCoal
2.67871,0.005297212,12.018405,0.01411958,8.434645,0.007008747,3,2,9,DLCoal
6.55447,0.014649207,25.03574,0.039254244,13.16688,0.010359246,4,0.4,1,DLCoal
6.5458,0.014718247,24.99838,0.039306616,13.16569,0.010323354,4,0.4,18,DLCoal
6.53187,0.014654248,24.9658,0.039270283,13.15648,0.010366794,4,0.4,9,DLCoal
6.19868,0.014175326,23.55356,0.03800978,12.62245,0.010812827,4,0.5,1,DLCoal
6.21352,0.014226065,23.55013,0.037992816,12.60682,0.010807593,4,0.5,18,DLCoal
6.21219,0.014270434,23.54891,0.038102876,12.59176,0.01081729,4,0.5,9,DLCoal
5.6018,0.013401536,20.94002,0.035292842,11.58268,0.011268598,4,0.7,1,DLCoal
5.56716,0.013325715,20.87772,0.035190159,11.57573,0.011296571,4,0.7,18,DLCoal
5.57963,0.013349546,20.92136,0.035439547,11.58089,0.011279807,4,0.7,9,DLCoal
5.05961,0.012453269,18.67129,0.032357059,10.68133,0.011311422,4,0.9,1,DLCoal
5.05786,0.012411965,18.68003,0.032207593,10.6891,0.011303446,4,0.9,18,DLCoal
5.07631,0.012489941,18.73829,0.032425057,10.70668,0.011318918,4,0.9,9,DLCoal
4.635120606,0.010312541,16.87811643,0.026233629,9.943615994,0.009782783,4,1.1,1,DLCoal
4.642145,0.008294991,16.891315,0.021131007,9.927115,0.007841784,4,1.1,18,DLCoal
4.644604631,0.010367111,16.91860919,0.026402115,9.950446234,0.009820581,4,1.1,9,DLCoal
4.85802,0.012170419,17.78898,0.031304276,10.29508,0.011225005,4,1,1,DLCoal
4.84826,0.012101058,17.77755,0.031166196,10.30862,0.011244812,4,1,18,DLCoal
4.86376,0.01205627,17.81064,0.031044814,10.31284,0.011239136,4,1,9,DLCoal
4.272195,0.007771099,15.359825,0.019317757,9.289395,0.007588417,4,1.3,1,DLCoal
4.276725,0.007782127,15.35658,0.019298962,9.284915,0.007574271,4,1.3,18,DLCoal
4.2747,0.007761414,15.36206,0.019266205,9.288405,0.007585962,4,1.3,9,DLCoal
3.970547299,0.009256717,14.09050186,0.022464078,8.720631289,0.009170904,4,1.5,1,DLCoal
3.947161345,0.009237258,14.04289686,0.022480281,8.705184691,0.009245847,4,1.5,18,DLCoal
3.973147162,0.009328234,14.09677262,0.022613104,8.737087637,0.009255006,4,1.5,9,DLCoal
3.374669326,0.006414045,11.64053135,0.014522825,7.617420328,0.006481482,4,2,1,DLCoal
3.371809709,0.006395874,11.64139577,0.014498352,7.622941164,0.006473258,4,2,18,DLCoal
3.38135624,0.006451916,11.66834871,0.014597326,7.626834664,0.006488394,4,2,9,DLCoal
4.009950598,0.008506611,11.42120221,0.016873826,7.064861337,0.006873642,5,2,1,DLCoal
4.013127366,0.008966864,11.42931804,0.017787498,7.065351618,0.007198298,5,2,18,DLCoal
4.012043905,0.007583025,11.43637193,0.015071275,7.074849034,0.006118507,5,2,9,DLCoal
8.82023,0.019522637,28.09364,0.047979862,12.80876,0.010753233,5,0.4,1,DLCoal
8.79966,0.019448342,28.00882,0.047751704,12.79422,0.010776247,5,0.4,18,DLCoal
8.82651,0.019596713,28.13964,0.04819805,12.81812,0.0107491,5,0.4,9,DLCoal
8.24607,0.018712929,26.05983,0.045714672,12.18758,0.011141283,5,0.5,1,DLCoal
8.26785,0.018735324,26.07143,0.045663107,12.18484,0.011165984,5,0.5,18,DLCoal
8.24427,0.018681464,26.06455,0.045707198,12.18111,0.011188045,5,0.5,9,DLCoal
7.23547,0.017107331,22.51705,0.041057471,11.05885,0.011451471,5,0.7,1,DLCoal
7.27688,0.017154222,22.60183,0.04121858,11.06162,0.011454935,5,0.7,18,DLCoal
7.26541,0.017139277,22.55194,0.041009217,11.0697,0.011449966,5,0.7,9,DLCoal
6.44558,0.015642271,19.71954,0.03672654,10.12692,0.01126917,5,0.9,1,DLCoal
6.45025,0.015664837,19.75076,0.0366135,10.1526,0.011252262,5,0.9,18,DLCoal
6.50357,0.015794637,19.86325,0.037003248,10.16247,0.011266446,5,0.9,9,DLCoal
5.81334,0.010189559,17.51068,0.023258062,9.359325,0.00766371,5,1.1,1,DLCoal
5.79376,0.010188375,17.458655,0.023271007,9.33449,0.007661682,5,1.1,18,DLCoal
5.812105,0.010194247,17.49599,0.023222985,9.35278,0.00766196,5,1.1,9,DLCoal
6.11758,0.015092065,18.57397,0.034926418,9.73311,0.011080516,5,1,1,DLCoal
6.13327,0.015059049,18.59508,0.03482752,9.73649,0.011061724,5,1,18,DLCoal
6.12446,0.015033401,18.58975,0.034794999,9.73923,0.011074625,5,1,9,DLCoal
5.30219,0.00939193,15.710935,0.02080468,8.713245,0.007289616,5,1.3,1,DLCoal
5.29207,0.009381483,15.688945,0.020762695,8.701185,0.007271742,5,1.3,18,DLCoal
5.267772189,0.012607351,15.6461663,0.027947844,8.69205789,0.009806288,5,1.3,9,DLCoal
4.87022,0.008712612,14.217785,0.018742254,8.14906,0.006882103,5,1.5,1,DLCoal
4.867497303,0.010217122,14.23652943,0.022012518,8.159851042,0.008102348,5,1.5,18,DLCoal
4.84628634,0.011940393,14.15948042,0.025602413,8.131103392,0.009444994,5,1.5,9,DLCoal
4.613632385,0.011417032,11.34443449,0.020527246,6.671383113,0.007671211,6,2,1,DLCoal
4.603356543,0.007857839,11.32216617,0.01410103,6.663967074,0.005290021,6,2,18,DLCoal
4.595425603,0.010128018,11.29790948,0.018145323,6.657936358,0.00679497,6,2,9,DLCoal
11.43887,0.02534169,31.61544,0.05772368,12.53022,0.011087781,6,0.4,1,DLCoal
11.3857,0.025293504,31.50781,0.057652837,12.50199,0.011094259,6,0.4,18,DLCoal
11.39877,0.025372425,31.57707,0.057768124,12.53655,0.011054685,6,0.4,9,DLCoal
10.53804,0.023961512,28.87081,0.054046443,11.83521,0.011437738,6,0.5,1,DLCoal
10.52073,0.023846941,28.81002,0.053750263,11.84519,0.011401576,6,0.5,18,DLCoal
10.52497,0.023991251,28.85044,0.054217487,11.84102,0.011419438,6,0.5,9,DLCoal
9.07611,0.021436501,24.40888,0.047169113,10.68467,0.011487562,6,0.7,1,DLCoal
9.0607,0.021351068,24.40845,0.047087522,10.68857,0.011500797,6,0.7,18,DLCoal
9.05591,0.021334591,24.36381,0.046977275,10.68589,0.011478579,6,0.7,9,DLCoal
7.93346,0.019180939,20.96136,0.041151515,9.71629,0.011125503,6,0.9,1,DLCoal
7.90132,0.019056754,20.88615,0.040957232,9.70926,0.01113664,6,0.9,18,DLCoal
7.90923,0.019218517,20.89028,0.041151566,9.69784,0.011137515,6,0.9,9,DLCoal
7.000195986,0.014306402,18.18037755,0.029703245,8.919365564,0.00880754,6,1.1,1,DLCoal
7.025367039,0.013587887,18.23678409,0.028283412,8.931164504,0.008355982,6,1.1,18,DLCoal
7.037627391,0.01362833,18.25864752,0.028261859,8.939272805,0.008345752,6,1.1,9,DLCoal
7.39433,0.01802476,19.42247,0.038107587,9.29049,0.010848347,6,1,1,DLCoal
7.45807,0.018111353,19.52911,0.038336231,9.30699,0.010848071,6,1,18,DLCoal
7.43215,0.018052347,19.50667,0.038187455,9.31466,0.010843831,6,1,9,DLCoal
6.259489732,0.011826569,16.0245917,0.023824049,8.248576393,0.007564566,6,1.3,1,DLCoal
6.273061202,0.011480763,16.03333517,0.023075599,8.247884445,0.007330749,6,1.3,18,DLCoal
6.267024317,0.014427182,16.01430896,0.029038525,8.243164329,0.009240173,6,1.3,9,DLCoal
5.668903826,0.013978405,14.28428689,0.027142018,7.685355497,0.00918681,6,1.5,1,DLCoal
5.68119332,0.008891153,14.35139149,0.017372634,7.71024123,0.005840092,6,1.5,18,DLCoal
5.675994956,0.014028527,14.30797478,0.027299913,7.697079445,0.009208309,6,1.5,9,DLCoal